Workbook

Sheet Planning
A1: Mediterrano Pilates · Europees groeiplan v2 · planning (1 okt 2026 tot Q1 2027)
A2: Gele cellen vul jij in (Status, Afgerond op, Notities). Het nummer in kolom A is het taaknummer in ClickUp (lijst '4. Website, SEO & AIO'); taak 16 komt meerdere keren terug omdat hij maandelijks herhaalt. Uren zijn jouw uren; Claude-werk telt niet mee. Impact en uren zijn inschattingen.
A4: ClickUp # | B4: Fase | C4: Actie | D4: Markt | E4: Kanaal | F4: Wie | G4: Uren (jij) | H4: Impact | I4: Start | J4: Deadline | K4: Status | L4: Afgerond op | M4: Notities | N4: Herkomst
A5: 18 | B5: Wk 1 (1-7 okt) | C5: Kerstcampagne live: landingsblok 'Navidad: pide tu mockup antes del 15 de octubre' op homepage en kerstartikel, Instagram-reeks, WhatsApp aan aanvragers van vorige week. Goedkeuring uiterlijk rond 24 okt (productie + verzending 4-7 weken). | D5: ES (+PT in EN) | E5: Site, Instagram, WhatsApp | F5: samen | G5: 3 | H5: H | I5: 46296 | J5: 46302 | K5: Open | N5: nieuw
A6: 19 | B6: Wk 1 (1-7 okt) | C6: Formulierveld '¿Cómo nos has conocido?' in 3 talen; GA4-formulierconversie als belangrijke gebeurtenis; eigen IP uitsluiten in GA4. | D6: alle | E6: Meting | F6: samen | G6: 0.5 | H6: M | I6: 46296 | J6: 46302 | K6: Open | N6: nieuw
A7: 20 | B7: Wk 1 (1-7 okt) | C7: Opvolgroutine: mockup binnen 24 u, WhatsApp-templates dag 1/3/7, bronvraag bij elk contact. | D7: alle | E7: WhatsApp | F7: samen | G7: 1 | H7: H | I7: 46296 | J7: 46302 | K7: Open | N7: nieuw
A8: 12 | B8: Wk 1 (1-7 okt) | C8: Ontbrekende productfeiten aanleveren: MOQ tumbler/tote/aro en prijzen tobillero/crew. | D8: alle | E8: Site | F8: jij | G8: 1.5 | H8: M | I8: 46296 | J8: 46301 | K8: Open | N8: bestaand
A9: 17 | B9: Wk 1 (1-7 okt) | C9: Spaanse nichepagina fysiotherapiepraktijken ('pilates terapéutico') bouwen en publiceren. | D9: ES | E9: Site | F9: Claude | G9: 0.5 | H9: M | I9: 46296 | J9: 46301 | K9: Open | N9: bestaand
A10: 21 | B10: Wk 1 (1-7 okt) | C10: Bing URL-inspectie /en/ en /de/; IndexNow in de Netlify-deploy; hreflang x-default naar /en/. | D10: EN/DE | E10: Techniek | F10: Claude | G10: 0.25 | H10: L | I10: 46296 | J10: 46302 | K10: Open | N10: nieuw
A11: 9 | B11: Wk 2 (8-14 okt) | C11: Spaanse bedrijvengidsen: alleen gratis en branchegericht, max. 5, identieke bedrijfsgegevens. | D11: ES | E11: Gidsen | F11: samen | G11: 1.5 | H11: L-M | I11: 46303 | J11: 46308 | K11: Open | N11: bestaand, verzet van 6 naar 13 okt
A12: 22 | B12: Wk 2 (8-14 okt) | C12: Partneraanvraag bsport (Merch & Apparel). Tegenaanbod zonder korting (merkregel): bv. voorrang in de mockup-wachtrij en ES/PT-service. Claude schrijft, jij verstuurt. | D12: ES/PT/FR | E12: Platform | F12: samen | G12: 1 | H12: H | I12: 46303 | J12: 46309 | K12: Open | N12: nieuw
A13: 10 | B13: Wk 2 (8-14 okt) | C13: Outreach Spaanse vakmedia: GYM FACTORY, GestiónFit, lifestyle.fit; persbericht 'merch als inkomstenbron' zonder klantclaims. | D13: ES | E13: Media | F13: samen | G13: 1.5 | H13: M | I13: 46303 | J13: 46308 | K13: Open | N13: bestaand
A14: 11 | B14: Wk 2 (8-14 okt) | C14: Zoekvolumes verifiëren (Ubersuggest), scope versmald tot ES en PT. | D14: ES/PT | E14: Onderzoek | F14: jij | G14: 1 | H14: M | I14: 46303 | J14: 46308 | K14: Open | N14: bestaand, scope versmald
A15: 16 | B15: Wk 2 (8-14 okt) | C15: Maandelijkse SEO/AEO-check, ronde 0: alleen indexatie per map controleren in Search Console. | D15: alle | E15: Meting | F15: samen | G15: 0.5 | H15: L | I15: 46308 | J15: 46310 | K15: Open | N15: bestaand (herhalend)
A16: 23 | B16: Wk 3 (15-21 okt) | C16: /pt/ live: 8 pagina's in Europees Portugees (home, meias antiderrapantes, tumbler, como funciona, preços e margens, FAQ met NIF/VIES, mockup, sobre nós) + hreflang, sitemap, llms.txt, IndexNow, GSC-inspectie. Native check aanbevolen. | D16: PT | E16: Site | F16: Claude | G16: 2 | H16: H | I16: 46310 | J16: 46316 | K16: Open | N16: nieuw (was P3 nov-dec)
... A22: 16 | B22: Wk 4 (22-28 okt) | C22: Maandelijkse SEO/AEO-check, ronde 1 (volledig: GSC, GA4, AI-meting, log). | D22: alle | E22: Meting | F22: samen | G22: 1 | H22: meting | I22: 46322 | J22: 46323 | K22: Open | N22: bestaand (herhalend)
A23: 14 | B23: Uitgesteld | C23: Google Consent Mode v2: pas vóór er advertentiebudget wordt ingezet. | E23: Techniek | F23: Claude | G23: 0 | K23: Uitgesteld | N23: bestaand, uitgesteld
A24: 28 | B24: Wk 5-6 (29 okt-11 nov) | C24: Artikel 'Merch para enero: cómo aprovechar las nuevas altas del año' + Portugese tegenhanger. Goedkeuring voor januari uiterlijk half november. | D24: ES/PT | E24: Site | F24: Claude | G24: 1 | H24: H | I24: 46324 | J24: 46337 | K24: Open | N24: nieuw
A25: 29 | B25: Wk 5-6 (29 okt-11 nov) | C25: Portugal: 10-15 persoonlijke e-mails/Instagram-DM's aan reformerstudio's met uitnodiging voor gratis mockup. Geen gekochte lijsten. | D25: PT | E25: Outreach | F25: jij | G25: 2 | H25: H | I25: 46324 | J25: 46337 | K25: Open | N25: nieuw
A26: 30 | B26: Wk 5-6 (29 okt-11 nov) | C26: Spaanse koopgids 'Cómo elegir proveedor de calcetines antideslizantes con logo' (minimum, levertijd, mockup, verzending, btw). | D26: ES | E26: Site | F26: Claude | G26: 0.5 | H26: M | I26: 46324 | J26: 46337 | K26: Open | N26: nieuw
A27: 31 | B27: Wk 5-6 (29 okt-11 nov) | C27: LinkedIn-bedrijfspagina: Engelse beschrijving als primaire taal toevoegen. | D27: EN | E27: Off-site | F27: jij | G27: 0.25 | H27: L | I27: 46324 | J27: 46337 | K27: Open | N27: nieuw
A28: 32 | B28: Wk 7-8 (12-25 nov) | C28: Opleiders Spanje benaderen: Club Pilates Educación (BCN/MAD/BIO) en TecnoSport (Balanced Body). Propositie: gratis uitleg merch-inkomsten voor afstuderende instructeurs. | D28: ES | E28: Partners | F28: samen | G28: 1.5 | H28: M | I28: 46338 | J28: 46351 | K28: Open | N28: nieuw
A29: 33 | B29: Wk 7-8 (12-25 nov) | C29: Spaanse nichepagina dansscholen. | D29: ES | E29: Site | F29: Claude | G29: 0.5 | H29: M | I29: 46338 | J29: 46351 | K29: Open | N29: nieuw
A30: 16 | B30: Wk 7-8 (12-25 nov) | C30: Maandelijkse SEO/AEO-check, ronde 2: Search Console per map (/, /pt/, /en/, /de/). | D30: alle | E30: Meting | F30: samen | G30: 1 | H30: meting | I30: 46350 | J30: 46351 | K30: Open | N30: bestaand (herhalend)
A31: 34 | B31: Wk 9-10 (26 nov-9 dec) | C31: Pagina's 'Día de la Madre' (ES) en 'Dia da Mãe' (PT) live; goedkeuring uiterlijk half maart. | D31: ES/PT | E31: Site | F31: Claude | G31: 0.5 | H31: M | I31: 46352 | J31: 46365 | K31: Open | N31: nieuw
A32: 35 | B32: Wk 9-10 (26 nov-9 dec) | C32: Go/no-go Portugal na 6-7 weken live (criteria tabblad Go-no-go). | D32: PT | E32: Besluit | F32: samen | G32: 0.5 | H32: besluit | I32: 46357 | J32: 46365 | K32: Open | N32: nieuw
A33: 36 | B33: Wk 9-10 (26 nov-9 dec) | C33: Europages-profiel (alleen als consistent bedrijfsgegevenssignaal). Crunchbase, Wikidata en wlw naar Q1. | D33: EU | E33: Gidsen | F33: jij | G33: 1 | H33: L | I33: 46352 | J33: 46365 | K33: Open | N33: nieuw
A34: 37 | B34: Wk 11-13 (10-31 dec) | C34: /fr/-concept bouwen (niet live), met de lessen uit /pt/. | D34: FR | E34: Site | F34: Claude | G34: 0 | H34: voorbereiding | I34: 46366 | J34: 46387 | K34: Open | N34: nieuw
A35: 38 | B35: Wk 11-13 (10-31 dec) | C35: Twee Spaanse artikelen voor januari (o.a. 'Cuánto puede ganar un estudio con merchandising'), publicatie begin januari. | D35: ES | E35: Site | F35: Claude | G35: 0.5 | H35: M | I35: 46366 | J35: 46387 | K35: Open | N35: nieuw
... A39: 42 | B39: Q1 2027 maart | C39: DDP voor VK en CH uitzoeken met gestor en vervoerder (oorsprong sokken, CH btw-drempel); pas daarna VK-pagina. | D39: VK/CH | E39: Admin | F39: jij | G39: 2 | H39: M | I39: 46447 | J39: 46477 | K39: Open | N39: nieuw
A40: 43 | B40: Na eerste orders | C40: Reviews vragen aan echte klanten (Google, Trustpilot). YouTube, Reddit, gastartikelen EN/DE pas bij tractie op /en/ en /de/. | D40: alle | E40: Off-site | F40: jij | G40: 1 | H40: H | K40: Open | N40: nieuw
A42: Voorbeeld van een ingevulde regel:
A43: 1 | B43: Afgerond | C43: (voorbeeld) Google Search Console geverifieerd, sitemap ingediend | D43: alle | E43: Techniek | F43: jij | G43: 1 | H43: M | I43: 46293 | J43: 46295 | K43: Klaar | L43: 46294 | M43: Alle URL's geïndexeerd op 30-09. | N43: bestaand

Sheet Overzicht
A1: Voortgang en urenlast
A2: Formules op het tabblad Planning; niets invullen.
A4: Status | B4: Aantal
A5: Open | B5: =COUNTIF(Planning!$K$5:$K$40,A5) -> 35
A6: Bezig | B6: =COUNTIF(Planning!$K$5:$K$40,A6) -> 0
A7: Klaar | B7: =COUNTIF(Planning!$K$5:$K$40,A7) -> 0
A8: Uitgesteld | B8: =COUNTIF(Planning!$K$5:$K$40,A8) -> 1
A9: Vervalt | B9: =COUNTIF(Planning!$K$5:$K$40,A9) -> 0
A10: Totaal | B10: =COUNTA(Planning!$K$5:$K$40) -> 36
A11: Te laat (deadline verstreken, niet klaar) | B11: =SUMPRODUCT(ISNUMBER(Planning!$J$5:$J$40)*(Planning!$J$5:$J$40<TODAY())*(Planning!$K$5:$K$40<>"Klaar")*(Planning!$K$5:$K$40<>"Uitgesteld")*(Planning!$K$5:$K$40<>"Vervalt")) -> 0
A13: Fase | B13: Acties | C13: Klaar | D13: Uren jij (gepland) | E13: Uren jij (klaar)
A14: Wk 1 (1-7 okt) | B14: =COUNTIF(Planning!$B$5:$B$40,A14) -> 6 | C14: =COUNTIFS(Planning!$B$5:$B$40,A14,Planning!$K$5:$K$40,"Klaar") -> 0 | D14: =SUMIF(Planning!$B$5:$B$40,A14,Planning!$G$5:$G$40) -> 6.75 | E14: =SUMIFS(Planning!$G$5:$G$40,Planning!$B$5:$B$40,A14,Planning!$K$5:$K$40,"Klaar") -> 0
A15: Wk 2 (8-14 okt) | B15: =COUNTIF(Planning!$B$5:$B$40,A15) -> 5 | C15: =COUNTIFS(Planning!$B$5:$B$40,A15,Planning!$K$5:$K$40,"Klaar") -> 0 | D15: =SUMIF(Planning!$B$5:$B$40,A15,Planning!$G$5:$G$40) -> 5.5 | E15: =SUMIFS(Planning!$G$5:$G$40,Planning!$B$5:$B$40,A15,Planning!$K$5:$K$40,"Klaar") -> 0
A16: Wk 3 (15-21 okt) | B16: =COUNTIF(Planning!$B$5:$B$40,A16) -> 2 | C16: =COUNTIFS(Planning!$B$5:$B$40,A16,Planning!$K$5:$K$40,"Klaar") -> 0 | D16: =SUMIF(Planning!$B$5:$B$40,A16,Planning!$G$5:$G$40) -> 2.5 | E16: =SUMIFS(Planning!$G$5:$G$40,Planning!$B$5:$B$40,A16,Planning!$K$5:$K$40,"Klaar") -> 0
A17: Wk 4 (22-28 okt) | B17: =COUNTIF(Planning!$B$5:$B$40,A17) -> 5 | C17: =COUNTIFS(Planning!$B$5:$B$40,A17,Planning!$K$5:$K$40,"Klaar") -> 0 | D17: =SUMIF(Planning!$B$5:$B$40,A17,Planning!$G$5:$G$40) -> 3.25 | E17: =SUMIFS(Planning!$G$5:$G$40,Planning!$B$5:$B$40,A17,Planning!$K$5:$K$40,"Klaar") -> 0
A18: Wk 5-6 (29 okt-11 nov) | B18: =COUNTIF(Planning!$B$5:$B$40,A18) -> 4 | C18: =COUNTIFS(Planning!$B$5:$B$40,A18,Planning!$K$5:$K$40,"Klaar") -> 0 | D18: =SUMIF(Planning!$B$5:$B$40,A18,Planning!$G$5:$G$40) -> 3.75 | E18: =SUMIFS(Planning!$G$5:$G$40,Planning!$B$5:$B$40,A18,Planning!$K$5:$K$40,"Klaar") -> 0
A19: Wk 7-8 (12-25 nov) | B19: =COUNTIF(Planning!$B$5:$B$40,A19) -> 3 | C19: =COUNTIFS(Planning!$B$5:$B$40,A19,Planning!$K$5:$K$40,"Klaar") -> 0 | D19: =SUMIF(Planning!$B$5:$B$40,A19,Planning!$G$5:$G$40) -> 3 | E19: =SUMIFS(Planning!$G$5:$G$40,Planning!$B$5:$B$40,A19,Planning!$K$5:$K$40,"Klaar") -> 0
A20: Wk 9-10 (26 nov-9 dec) | B20: =COUNTIF(Planning!$B$5:$B$40,A20) -> 3 | C20: =COUNTIFS(Planning!$B$5:$B$40,A20,Planning!$K$5:$K$40,"Klaar") -> 0 | D20: =SUMIF(Planning!$B$5:$B$40,A20,Planning!$G$5:$G$40) -> 2 | E20: =SUMIFS(Planning!$G$5:$G$40,Planning!$B$5:$B$40,A20,Planning!$K$5:$K$40,"Klaar") -> 0
A21: Wk 11-13 (10-31 dec) | B21: =COUNTIF(Planning!$B$5:$B$40,A21) -> 3 | C21: =COUNTIFS(Planning!$B$5:$B$40,A21,Planning!$K$5:$K$40,"Klaar") -> 0 | D21: =SUMIF(Planning!$B$5:$B$40,A21,Planning!$G$5:$G$40) -> 2 | E21: =SUMIFS(Planning!$G$5:$G$40,Planning!$B$5:$B$40,A21,Planning!$K$5:$K$40,"Klaar") -> 0
A22: Q1 2027 januari | B22: =COUNTIF(Planning!$B$5:$B$40,A22) -> 1 | C22: =COUNTIFS(Planning!$B$5:$B$40,A22,Planning!$K$5:$K$40,"Klaar") -> 0 | D22: =SUMIF(Planning!$B$5:$B$40,A22,Planning!$G$5:$G$40) -> 3 | E22: =SUMIFS(Planning!$G$5:$G$40,Planning!$B$5:$B$40,A22,Planning!$K$5:$K$40,"Klaar") -> 0
A23: Q1 2027 februari | B23: =COUNTIF(Planning!$B$5:$B$40,A23) -> 1 | C23: =COUNTIFS(Planning!$B$5:$B$40,A23,Planning!$K$5:$K$40,"Klaar") -> 0 | D23: =SUMIF(Planning!$B$5:$B$40,A23,Planning!$G$5:$G$40) -> 0.5 | E23: =SUMIFS(Planning!$G$5:$G$40,Planning!$B$5:$B$40,A23,Planning!$K$5:$K$40,"Klaar") -> 0
A24: Q1 2027 maart | B24: =COUNTIF(Planning!$B$5:$B$40,A24) -> 1 | C24: =COUNTIFS(Planning!$B$5:$B$40,A24,Planning!$K$5:$K$40,"Klaar") -> 0 | D24: =SUMIF(Planning!$B$5:$B$40,A24,Planning!$G$5:$G$40) -> 2 | E24: =SUMIFS(Planning!$G$5:$G$40,Planning!$B$5:$B$40,A24,Planning!$K$5:$K$40,"Klaar") -> 0
A25: Na eerste orders | B25: =COUNTIF(Planning!$B$5:$B$40,A25) -> 1 | C25: =COUNTIFS(Planning!$B$5:$B$40,A25,Planning!$K$5:$K$40,"Klaar") -> 0 | D25: =SUMIF(Planning!$B$5:$B$40,A25,Planning!$G$5:$G$40) -> 1 | E25: =SUMIFS(Planning!$G$5:$G$40,Planning!$B$5:$B$40,A25,Planning!$K$5:$K$40,"Klaar") -> 0
A26: Uitgesteld | B26: =COUNTIF(Planning!$B$5:$B$40,A26) -> 1 | C26: =COUNTIFS(Planning!$B$5:$B$40,A26,Planning!$K$5:$K$40,"Klaar") -> 0 | D26: =SUMIF(Planning!$B$5:$B$40,A26,Planning!$G$5:$G$40) -> 0 | E26: =SUMIFS(Planning!$G$5:$G$40,Planning!$B$5:$B$40,A26,Planning!$K$5:$K$40,"Klaar") -> 0
A27: Totaal | B27: =SUM(B14:B26) -> 36 | C27: =SUM(C14:C26) -> 0 | D27: =SUM(D14:D26) -> 35.25 | E27: =SUM(E14:E26) -> 0
A29: Wie | B29: Acties | C29: Klaar | D29: Uren jij (gepland)
A30: jij | B30: =COUNTIF(Planning!$F$5:$F$40,A30) -> 9 | C30: =COUNTIFS(Planning!$F$5:$F$40,A30,Planning!$K$5:$K$40,"Klaar") -> 0 | D30: =SUMIF(Planning!$F$5:$F$40,A30,Planning!$G$5:$G$40) -> 9.75
A31: Claude | B31: =COUNTIF(Planning!$F$5:$F$40,A31) -> 13 | C31: =COUNTIFS(Planning!$F$5:$F$40,A31,Planning!$K$5:$K$40,"Klaar") -> 0 | D31: =SUMIF(Planning!$F$5:$F$40,A31,Planning!$G$5:$G$40) -> 7
A32: samen | B32: =COUNTIF(Planning!$F$5:$F$40,A32) -> 14 | C32: =COUNTIFS(Planning!$F$5:$F$40,A32,Planning!$K$5:$K$40,"Klaar") -> 0 | D32: =SUMIF(Planning!$F$5:$F$40,A32,Planning!$G$5:$G$40) -> 18.5
A34: Markt bevat | B34: Acties | C34: Uren jij (gepland)
A35: ES | B35: =COUNTIF(Planning!$D$5:$D$40,"*"&A35&"*") -> 15 | C35: =SUMIF(Planning!$D$5:$D$40,"*"&A35&"*",Planning!$G$5:$G$40) -> 15
A36: PT | B36: =COUNTIF(Planning!$D$5:$D$40,"*"&A36&"*") -> 9 | C36: =SUMIF(Planning!$D$5:$D$40,"*"&A36&"*",Planning!$G$5:$G$40) -> 12
A37: EN | B37: =COUNTIF(Planning!$D$5:$D$40,"*"&A37&"*") -> 4 | C37: =SUMIF(Planning!$D$5:$D$40,"*"&A37&"*",Planning!$G$5:$G$40) -> 4
A38: DE | B38: =COUNTIF(Planning!$D$5:$D$40,"*"&A38&"*") -> 2 | C38: =SUMIF(Planning!$D$5:$D$40,"*"&A38&"*",Planning!$G$5:$G$40) -> 0.75
A39: FR | B39: =COUNTIF(Planning!$D$5:$D$40,"*"&A39&"*") -> 3 | C39: =SUMIF(Planning!$D$5:$D$40,"*"&A39&"*",Planning!$G$5:$G$40) -> 4

Sheet Landenranglijst
A1: Landenranglijst Europa (scores 1-5, eigen inschatting; totaal is een formule)
A2: Pas een score aan en het totaal en de rangorde rekenen mee. 'Veld leeg' = 5 betekent geen lokale concurrent gevonden. 'Frictie laag' = 5 betekent EU, geen douane.
A4: Land | B4: Groei | C4: Taal nodig | D4: AI-gebruik | E4: Veld leeg | F4: Frictie laag | G4: Totaal /25 | H4: Rang | I4: Benodigde sectie | J4: Tijd tot 1e lead (schatting) | K4: Besluit | L4: Belangrijkste concurrenten / notitie
A5: Spanje | B5: 5 | C5: 5 | D5: 4 | E5: 4 | F5: 5 | G5: =SUM(B5:F5) -> 23 | H5: =RANK(G5,$G$5:$G$17) -> 1 | I5: bestaand + niches | J5: 1-4 wk per nichepagina | K5: verdiepen, 50% van de uren | L5: Studio Grip Socks (ES-pagina), Lifestylesport (vanaf 100), Regalopublicidad, Coarte, Alibaba; niemand op 'merch als inkomsten'
A6: Portugal | B6: 4 | C6: 3 | D6: 3 | E6: 5 | F6: 5 | G6: =SUM(B6:F6) -> 20 | H6: =RANK(G6,$G$5:$G$17) -> 2 | I6: /pt/, 8 pagina's | J6: 3-8 wk | K6: live in week 3 | L6: Alleen Braziliaanse aanbieders gevonden (Brindice, Destak, Cotton Sock, Mercado Livre)
A7: Frankrijk | B7: 4 | C7: 5 | D7: 3 | E7: 2 | F7: 5 | G7: =SUM(B7:F7) -> 19 | H7: =RANK(G7,$G$5:$G$17) -> 3 | I7: /fr/, 10-15 pagina's | J7: 6-12 wk | K7: januari, als PT een go krijgt | L7: chaussettes-pilates.fr, Pylates.studio, Etsy FR
A8: Italië | B8: 3 | C8: 5 | D8: 1 | E8: 3 | F8: 5 | G8: =SUM(B8:F8) -> 17 | H8: =RANK(G8,$G$5:$G$17) -> 4 | I8: /it/ | J8: 8-14 wk | K8: niet: laagste AI-gebruik EU (19,9%), geen taal in huis | L8: Pgoplay
A9: Duitsland | B9: 4 | C9: 2 | D9: 3 | E9: 2 | F9: 5 | G9: =SUM(B9:F9) -> 16 | H9: =RANK(G9,$G$5:$G$17) -> 5 | I9: bestaand /de/ | J9: 8-16+ wk | K9: onderhoud; landpagina's pas op GSC-signaal | L9: Refinesocks (24 u, vanaf 50), Sokkies (24 u, vanaf 30), Occulto, Spreeprint, Socken-Haus; ≈1.300 studio's (schatting BODYMEDIA)
A10: Oostenrijk | B10: 3 | C10: 2 | D10: 3 | E10: 2 | F10: 5 | G10: =SUM(B10:F10) -> 15 | H10: =RANK(G10,$G$5:$G$17) -> 6 | I10: landpagina in /de/ | J10: 8-16 wk | K10: februari, voorwaardelijk | L10: Hollyshirt + DE-spelers; Eversports zit in Wenen
A11: België | B11: 3 | C11: 2 | D11: 3 | E11: 2 | F11: 5 | G11: =SUM(B11:F11) -> 15 | H11: =RANK(G11,$G$5:$G$17) -> 6 | I11: via /fr/ of /en/ | J11: 10-16 wk | K11: meeliften op FR | L11: NL- en FR-spelers
A12: Ierland | B12: 3 | C12: 1 | D12: 3 | E12: 2 | F12: 5 | G12: =SUM(B12:F12) -> 14 | H12: =RANK(G12,$G$5:$G$17) -> 8 | I12: landpagina in /en/ | J12: 8-16 wk | K12: februari, voorwaardelijk | L12: Engels veld (PilatesGoods e.a.); EU-voordeel t.o.v. Britse leveranciers
A13: Noorden (SE/DK/NO/FI) | B13: 2 | C13: 1 | D13: 5 | E13: 2 | F13: 4 | G13: =SUM(B13:F13) -> 14 | H13: =RANK(G13,$G$5:$G$17) -> 8 | I13: één Engelse testpagina | J13: 12+ wk | K13: februari: één testpagina | L13: Hoogste AI-gebruik (NO 56%, DK 48%, FI 46%); Noorwegen niet-EU
A14: Nederland | B14: 3 | C14: 1 | D14: 3 | E14: 1 | F14: 5 | G14: =SUM(B14:F14) -> 13 | H14: =RANK(G14,$G$5:$G$17) -> 10 | I14: /nl/ | J14: 12+ wk, onzeker | K14: geschrapt voor 90 dagen | L14: KORRHAUS, PLTÉ, RoHil, MijnEigenSokken, Sokkies, Promobee, Tiger Concept; NL #1 EF-index
A15: Zwitserland | B15: 3 | C15: 2 | D15: 4 | E15: 2 | F15: 2 | G15: =SUM(B15:F15) -> 13 | H15: =RANK(G15,$G$5:$G$17) -> 10 | I15: landpagina /de/ + DDP | J15: pas na DDP | K15: na DDP | L15: 8,1% invoer-btw; geen douanerecht op industriële goederen sinds 2024
A16: Polen | B16: 2 | C16: 2 | D16: 2 | E16: 3 | F16: 4 | G16: =SUM(B16:F16) -> 13 | H16: =RANK(G16,$G$5:$G$17) -> 10 | I16: /pl/ | J16: niet geschat | K16: niet | L16: Niet onderzocht
A17: Verenigd Koninkrijk | B17: 4 | C17: 1 | D17: 4 | E17: 1 | F17: 1 | G17: =SUM(B17:F17) -> 11 | H17: =RANK(G17,$G$5:$G$17) -> 13 | I17: /en/ + DDP | J17: pas na DDP, 12+ wk | K17: na DDP (maart uitzoeken) | L17: PilatesGoods, Sockrates, My Movement, hipSwan, Made by Cooper; elke order > £135

Sheet Weeklog
A1: Weeklog (maandag, 20 minuten)
A2: Eén regel per week. Gele cellen invullen. Kolom 'Totaal aanvragen' en 'Mockup→order %' zijn formules. Bron per aanvraag komt uit het formulierveld '¿Cómo nos has conocido?'.
A4: Week (maandag) | B4: Aanvragen ES | C4: Aanvragen PT | D4: Aanvragen EN/DE-landen | E4: Aanvragen overig | F4: Totaal aanvragen | G4: waarvan bron: ChatGPT/AI | H4: waarvan bron: Google | I4: waarvan bron: Instagram | J4: Mockups verstuurd | K4: Offertes | L4: Orders | M4: Mockup→order % | N4: GA4 sessies chatgpt.com | O4: GA4 sessies Google organisch | P4: GA4 sessies Instagram | Q4: GSC vertoningen /pt/ | R4: Notities
A5: 46288 | B5: 3 | C5: 1 | D5: 0 | E5: 0 | F5: =IF(COUNT(B5:E5)=0,"",SUM(B5:E5)) -> 4 | M5: =IF(OR(J5="",J5=0),"",L5/J5) | N5: 9 | O5: 3 | P5: 21 | R5: Startmeting 23-30 sep (GA4 ongefilterd, 'direct' 37 deels eigen bezoek)
A6: 46300 | F6: =IF(COUNT(B6:E6)=0,"",SUM(B6:E6)) | M6: =IF(OR(J6="",J6=0),"",L6/J6)
A7: 46307 | F7: =IF(COUNT(B7:E7)=0,"",SUM(B7:E7)) | M7: =IF(OR(J7="",J7=0),"",L7/J7)
A8: 46314 | F8: =IF(COUNT(B8:E8)=0,"",SUM(B8:E8)) | M8: =IF(OR(J8="",J8=0),"",L8/J8)
A9: 46321 | F9: =IF(COUNT(B9:E9)=0,"",SUM(B9:E9)) | M9: =IF(OR(J9="",J9=0),"",L9/J9)
A10: 46328 | F10: =IF(COUNT(B10:E10)=0,"",SUM(B10:E10)) | M10: =IF(OR(J10="",J10=0),"",L10/J10)
A11: 46335 | F11: =IF(COUNT(B11:E11)=0,"",SUM(B11:E11)) | M11: =IF(OR(J11="",J11=0),"",L11/J11)
A12: 46342 | F12: =IF(COUNT(B12:E12)=0,"",SUM(B12:E12)) | M12: =IF(OR(J12="",J12=0),"",L12/J12)
A13: 46349 | F13: =IF(COUNT(B13:E13)=0,"",SUM(B13:E13)) | M13: =IF(OR(J13="",J13=0),"",L13/J13)
A14: 46356 | F14: =IF(COUNT(B14:E14)=0,"",SUM(B14:E14)) | M14: =IF(OR(J14="",J14=0),"",L14/J14)
A15: 46363 | F15: =IF(COUNT(B15:E15)=0,"",SUM(B15:E15)) | M15: =IF(OR(J15="",J15=0),"",L15/J15)
A16: 46370 | F16: =IF(COUNT(B16:E16)=0,"",SUM(B16:E16)) | M16: =IF(OR(J16="",J16=0),"",L16/J16)
A17: 46377 | F17: =IF(COUNT(B17:E17)=0,"",SUM(B17:E17)) | M17: =IF(OR(J17="",J17=0),"",L17/J17)
... A31: 46475 | F31: =IF(COUNT(B31:E31)=0,"",SUM(B31:E31)) | M31: =IF(OR(J31="",J31=0),"",L31/J31)

Sheet Go-no-go
A1: Go/no-go-criteria per sectie (eigen vuistregels, geen branchestandaard)
A2: Stopregel: een sectie die 8 weken na volledige indexatie nul vertoningen heeft in Search Console heeft een technisch probleem (canonical, hreflang, robots), geen marktprobleem. Eerst repareren, dan beoordelen.
A4: Sectie | B4: Livegang (datum) | C4: Week 2 na livegang | D4: Week 6 | E4: Week 10-12 | F4: Bij no-go | G4: Uitkomst (go/no-go) | H4: Datum besluit
A5: Portugal /pt/ | B5: 46316 | C5: Alle pagina's geïndexeerd in GSC en Bing | D5: ≥ 50 vertoningen/week of ≥ 1 PT-aanvraag | E5: ≥ 2 PT-aanvragen totaal | F5: Niet verder bouwen, alleen onderhoud; /fr/ toch starten op eigen merites
A6: Spaanse niches (fysio, danza, barre) | B6: 46301 | C6: Geïndexeerd | D6: Vertoningen op niche-zoektermen | E6: ≥ 1 aanvraag die de niche noemt | F6: Niche niet uitbouwen, pagina laten staan
A7: /de/ | B7: 46266 | C7: Geïndexeerd | D7: Stijgende vertoningen 3 weken op rij | E7: ≥ 1 aanvraag DACH | F7: Geen landpagina's in februari
A8: /en/ | B8: 46266 | C8: Geïndexeerd | D8: Vertoningen buiten de VS (IE, VK, Noorden) | E8: ≥ 1 aanvraag uit Engelstalig of Noords land | F8: Alleen onderhoud
A9: bsport-partnerschap | B9: 46309 | C9: Antwoord ontvangen | D9: Vermelding live | E9: ≥ 1 aanvraag via bsport | F9: Eversports als alternatief prioriteren
A10: /fr/ (Q1) | B10: 46418 | C10: Geïndexeerd | D10: ≥ 50 vertoningen/week | E10: ≥ 1 FR-aanvraag | F10: Pauzeren tot Q2

Sheet Wijzigingen t.o.v. planning
A1: Wat verandert ten opzichte van het groeiplan van 30 sep, het EN/DE-plan van 1 okt en ClickUp
A3: Bestaande actie | B3: Besluit | C3: Reden
A4: Portugal mini-lancering (groeiplan P3, nov-dec) | B4: Vervroegd naar week 3 (ClickUp 23) | C4: Leeg veld, al een aanvraag, laagste frictie
A5: /nl/ met vergelijkingspagina (P3) | B5: Geschrapt voor 90 dagen; heroverwegen eind Q1 | C5: Zeven zichtbare NL-aanbieders; NL #1 in EF-index, Engels bereikt ze al
A6: Duitse pijlerpagina (P2, oktober) | B6: Uitgesteld naar februari, voorwaardelijk (ClickUp 41) | C6: Refinesocks en Sokkies met identieke 24-uursbelofte en lagere minima; eerst GSC-signaal
A7: Ierland-FAQ op /en/ (P2) | B7: Uitgesteld naar februari (ClickUp 41) | C7: Engels veld dicht; lage opbrengst per uur
A8: EN/DE-plan: Crunchbase, Wikidata, YouTube, Reddit/Quora, gastartikelen, podcasts, sample-reviewers | B8: Naar Q1 of later (ClickUp 43) | C8: Veel eigenaarsuren; effect binnen 90 dagen onzeker
A9: EN/DE-plan: Bing-inspectie, IndexNow, x-default, entiteit, verzendinfo | B9: Vervroegd naar week 1 en 4 (ClickUp 21, 25) | C9: Bijna nul eigenaarsuren
A10: Uitgangsmeting 10 EN + 10 DE prompts via VPN | B10: Teruggebracht tot dag 90 (ClickUp 39) | C10: Nulmeting bestaat al; maandfocus op ES en PT
A11: Taak 11 Ubersuggest ES/EN/DE | B11: Scope naar ES en PT | C11: Past bij de focus
A12: Taak 09 Spaanse gidsen (6 okt) | B12: Verzet naar 13 okt, max. 5 gidsen | C12: Week 1 gaat naar kerst en meten
A13: Taak 14 Consent Mode v2 | B13: Uitgesteld tot er een besluit over ads is | C13: Geen ads actief
A14: Frankrijk /fr/ (P4, Q1) | B14: Gehandhaafd; concept al in december (ClickUp 37, 40) | C14: Taal nodig, markt groeit, veld deels bezet
... A16: Italië, Polen, stadspagina's, prijsconcurrentie NL | B16: Bevestigd: niet | C16: Laag AI-gebruik (IT 19,9%), bezette velden, geen taal in huis

Sheet Uitleg
A1: Legenda en aannames
A3: Kleuren | B3: Geel = invullen door jou. Groen (Status) = Klaar. Zalm = Bezig. Rode deadline = verstreken en niet klaar.
A4: Wie | B4: jij = alleen jij kunt dit (accounts, platforms, contacten, geld). Claude = ik bouw of schrijf het zonder verdere input. samen = jij levert input of een korte review, ik werk het uit.
A5: Uren | B5: Jouw uren per actie, inschatting. Claude-werk telt niet mee. Verwacht 6-10 u/week in week 1-4, daarna 5-7 u/week.
A6: Impact | B6: Verwachte invloed op organische aanvragen: H/M/L. Eigen inschatting; 'meting' en 'besluit' zijn geen leadacties.
A7: ClickUp-nummers | B7: 1-17 bestonden al; 18-43 zijn nieuw toegevoegd op 1 oktober 2026 in de lijst '4. Website, SEO & AIO'. Taak 16 (maandcheck) herhaalt.
A8: Merkregels | B8: Geen testimonials, casestudy's, klantlogo's of klantaantallen zolang er geen echte klanten zijn. Geen gekochte reviews. Geen prijsconcurrentie (ook niet als bsport-aanbod).
A9: Bron | B9: Mediterrano_Europees_groeiplan_v2_2026-10-01.pdf (9 p., met bronnenlijst) en het onderliggende onderzoek van 1 oktober 2026.
