Workbook

Sheet Actieplan
A1: Mediterrano Pilates · Actieplan AI-zichtbaarheid Engels en Duits (90 dagen)
A2: Gele cellen vul jij in (Status, Eigenaar bevestigen, Deadline aanpassen, Notities). Alle andere kolommen komen uit het onderzoeksrapport van 1 oktober 2026. Impact, inspanning en doorlooptijd zijn inschattingen, geen gemeten resultaten.
A4: # | B4: Fase | C4: Actie | D4: Type | E4: Wie | F4: Impact | G4: Inspanning | H4: Kosten | I4: Status | J4: Startdatum | K4: Deadline | L4: Notities
A5: 1 | B5: Dag 1-30 | C5: Bing Webmaster Tools: sitemap controleren, URL Inspection voor /en/ en /de/, ontbrekende URL's handmatig indienen | D5: Techniek | E5: jij | F5: zeer hoog | G5: 1 uur | H5: €0 | I5: Open | J5: 46296 | K5: 46303
A6: 2 | B6: Dag 1-30 | C6: IndexNow-sleutel aanmaken plus automatische melding van gewijzigde URL's na elke Netlify-deploy | D6: Techniek | E6: samen | F6: hoog | G6: 2 tot 4 uur | H6: €0 | I6: Open | J6: 46296 | K6: 46306
A7: 3 | B7: Dag 1-30 | C7: site:-controles in Bing, Google en Brave per taal (ES, EN, DE); uitgangsmeting indexering vastleggen | D7: Meten | E7: jij | F7: hoog | G7: 1 uur | H7: €0 | I7: Open | J7: 46296 | K7: 46303
A8: 4 | B8: Dag 1-30 | C8: hreflang x-default naar /en/; verzendlanden, levertijd per regio, valuta-indicatie (GBP/CHF) en VK/CH douane- en btw-tekst op alle EN/DE-pagina's | D8: On-site | E8: Claude | F8: hoog | G8: 1 dag | H8: €0 | I8: Open | J8: 46299 | K8: 46310
A9: 5 | B9: Dag 1-30 | C9: Over-ons met oprichter (naam, rol), Ecomtierra Group SL, adres en btw-nummer; bedrijfsnaam, adres en omschrijving overal identiek (site, LinkedIn, gidsen, Bing Places, GBP) | D9: On-site | E9: samen | F9: middel | G9: 2 uur | H9: €0 | I9: Open | J9: 46299 | K9: 46310
A10: 6 | B10: Dag 1-30 | C10: LinkedIn-bedrijfspagina met Engels als primaire taal (DE en ES als extra talen); Bing Places; Crunchbase; Europages; wlw (Wer liefert was) | D10: Off-site | E10: jij | F10: middel | G10: 1 dag | H10: €0 | I10: Open | J10: 46303 | K10: 46326
A11: 7 | B11: Dag 1-30 | C11: Uitgangsmeting met het promptprotocol (10 EN + 10 DE prompts, 3 tot 4 runs per platform, VPN VK en DE); vastleggen in tabblad Meetlog | D11: Meten | E11: samen | F11: hoog | G11: 3 uur | H11: €0 (VPN optioneel) | I11: Open | J11: 46303 | K11: 46317
A12: 8 | B12: Dag 31-60 | C12: Landpagina's VK, Ierland en DACH met unieke land-FAQ (levertijd, douane/btw, valuta, maatvoering EU/UK) | D12: On-site | E12: Claude | F12: hoog | G12: 3 tot 4 dagen | H12: €0 | I12: Open | J12: 46327 | K12: 46341
A13: 9 | B13: Dag 31-60 | C13: Koopgids 'How to choose a custom grip sock supplier for your studio' in EN en DE, met feitelijke specificatietabel (MOQ, prijs per paar per staffel, productietijd, logotechniek, materiaal, maten) | D13: On-site | E13: Claude | F13: hoog | G13: 2 dagen | H13: €0 | I13: Open | J13: 46327 | K13: 46341
A14: 10 | B14: Dag 31-60 | C14: Faire-account (DE/EU-wholesale) aanmaken; eventueel Etsy-listing voor kleine custom-orders | D14: Off-site | E14: jij | F14: middel-hoog | G14: 2 dagen | H14: commissie per verkoop | I14: Open | J14: 46327 | K14: 46356
A15: 11 | B15: Dag 31-60 | C15: Wikidata-item voor Mediterrano Pilates / Ecomtierra Group SL, alleen met verifieerbare bronnen | D15: Off-site | E15: Claude | F15: laag-middel | G15: 2 uur | H15: €0 | I15: Open | J15: 46327 | K15: 46341
A16: 12 | B16: Dag 31-60 | C16: 3 tot 4 korte YouTube-video's in het Engels met Duitse ondertitels: productie van een gripsok met logo, van mockup tot levering, maatvoering voor studio's | D16: Off-site | E16: samen | F16: hoog | G16: 3 tot 5 dagen | H16: €0 tot 200 | I16: Open | J16: 46327 | K16: 46356
... A21: 17 | B21: Dag 61-90 | C21: Tweede en derde meting (dag 60 en 90) met hetzelfde promptprotocol; vergelijken met uitgangsmeting; content bijsturen op deelzoekopdrachten en concurrenten die opduiken | D21: Meten | E21: samen | F21: hoog | G21: 3 uur | H21: €0 | I21: Open | J21: 46356 | K21: 46386
A23: Voorbeeld van een ingevulde regel:
A24: 0 | B24: Dag 1-30 | C24: (voorbeeld) Bing Webmaster Tools gecontroleerd | D24: Techniek | E24: jij | F24: zeer hoog | G24: 1 uur | H24: €0 | I24: Klaar | J24: 46296 | K24: 46298 | L24: Alle 19 EN-URL's en 18 DE-URL's stonden al in Bing; 2 blogartikelen handmatig ingediend.

Sheet Overzicht
A1: Voortgang in één oogopslag
A2: Alle cijfers zijn formules op het tabblad Actieplan; dit tabblad hoef je niet in te vullen.
A4: Status | B4: Aantal | C4: Aandeel
A5: Open | B5: =COUNTIF(Actieplan!$I$5:$I$21,A5) -> 17 | C5: =IF($B$9=0,0,B5/$B$9) -> 1
A6: Bezig | B6: =COUNTIF(Actieplan!$I$5:$I$21,A6) -> 0 | C6: =IF($B$9=0,0,B6/$B$9) -> 0
A7: Klaar | B7: =COUNTIF(Actieplan!$I$5:$I$21,A7) -> 0 | C7: =IF($B$9=0,0,B7/$B$9) -> 0
A8: Niet van toepassing | B8: =COUNTIF(Actieplan!$I$5:$I$21,A8) -> 0 | C8: =IF($B$9=0,0,B8/$B$9) -> 0
A9: Totaal | B9: =COUNTA(Actieplan!$I$5:$I$21) -> 17 | C9: =IF(B9=0,0,SUM(C5:C8)) -> 1
A11: Te laat (deadline verstreken, niet klaar) | B11: =SUMPRODUCT((Actieplan!$K$5:$K$21<TODAY())*(Actieplan!$I$5:$I$21<>"Klaar")*(Actieplan!$I$5:$I$21<>"Niet van toepassing")) -> 0
A13: Fase | B13: Acties | C13: Klaar | D13: Voortgang
A14: Dag 1-30 | B14: =COUNTIF(Actieplan!$B$5:$B$21,A14) -> 7 | C14: =COUNTIFS(Actieplan!$B$5:$B$21,A14,Actieplan!$I$5:$I$21,"Klaar") -> 0 | D14: =IF(B14=0,0,C14/B14) -> 0
A15: Dag 31-60 | B15: =COUNTIF(Actieplan!$B$5:$B$21,A15) -> 6 | C15: =COUNTIFS(Actieplan!$B$5:$B$21,A15,Actieplan!$I$5:$I$21,"Klaar") -> 0 | D15: =IF(B15=0,0,C15/B15) -> 0
A16: Dag 61-90 | B16: =COUNTIF(Actieplan!$B$5:$B$21,A16) -> 4 | C16: =COUNTIFS(Actieplan!$B$5:$B$21,A16,Actieplan!$I$5:$I$21,"Klaar") -> 0 | D16: =IF(B16=0,0,C16/B16) -> 0
A18: Wie | B18: Acties | C18: Klaar | D18: Voortgang
A19: jij | B19: =COUNTIF(Actieplan!$E$5:$E$21,A19) -> 6 | C19: =COUNTIFS(Actieplan!$E$5:$E$21,A19,Actieplan!$I$5:$I$21,"Klaar") -> 0 | D19: =IF(B19=0,0,C19/B19) -> 0
A20: Claude | B20: =COUNTIF(Actieplan!$E$5:$E$21,A20) -> 4 | C20: =COUNTIFS(Actieplan!$E$5:$E$21,A20,Actieplan!$I$5:$I$21,"Klaar") -> 0 | D20: =IF(B20=0,0,C20/B20) -> 0
A21: samen | B21: =COUNTIF(Actieplan!$E$5:$E$21,A21) -> 7 | C21: =COUNTIFS(Actieplan!$E$5:$E$21,A21,Actieplan!$I$5:$I$21,"Klaar") -> 0 | D21: =IF(B21=0,0,C21/B21) -> 0
A23: Type | B23: Acties | C23: Klaar | D23: Voortgang
A24: Techniek | B24: =COUNTIF(Actieplan!$D$5:$D$21,A24) -> 2 | C24: =COUNTIFS(Actieplan!$D$5:$D$21,A24,Actieplan!$I$5:$I$21,"Klaar") -> 0 | D24: =IF(B24=0,0,C24/B24) -> 0
A25: On-site | B25: =COUNTIF(Actieplan!$D$5:$D$21,A25) -> 4 | C25: =COUNTIFS(Actieplan!$D$5:$D$21,A25,Actieplan!$I$5:$I$21,"Klaar") -> 0 | D25: =IF(B25=0,0,C25/B25) -> 0
A26: Off-site | B26: =COUNTIF(Actieplan!$D$5:$D$21,A26) -> 8 | C26: =COUNTIFS(Actieplan!$D$5:$D$21,A26,Actieplan!$I$5:$I$21,"Klaar") -> 0 | D26: =IF(B26=0,0,C26/B26) -> 0
A27: Meten | B27: =COUNTIF(Actieplan!$D$5:$D$21,A27) -> 3 | C27: =COUNTIFS(Actieplan!$D$5:$D$21,A27,Actieplan!$I$5:$I$21,"Klaar") -> 0 | D27: =IF(B27=0,0,C27/B27) -> 0

Sheet Promptset
A1: Vaste promptset voor de AI-zichtbaarheidsmeting
A2: Gebruik exact deze formuleringen, elke keer in een nieuwe chat met geheugen uit, 3 tot 4 runs per prompt per platform. De drie prompts van de testpersoon in de VS staan erbij (EN-01 tot EN-03). Voeg zelf prompts toe in de gele rijen.
A4: Code | B4: Taal | C4: Prompt | D4: Soort
A5: EN-01 | B5: EN | C5: I'd like to buy accessories for my Pilates studio to sell to members; where can I get them? | D5: generiek (testpersoon)
A6: EN-02 | B6: EN | C6: Where can I buy branded grip socks for my Pilates studio? | D6: specifiek (testpersoon)
A7: EN-03 | B7: EN | C7: Where can I buy grip socks and tumblers for my yoga studio with my studio's name on them? | D7: specifiek (testpersoon)
A8: EN-04 | B8: EN | C8: Custom grip socks with my studio logo for a Pilates studio in the UK, minimum order 50 pairs | D8: specifiek + land
A9: EN-05 | B9: EN | C9: Best supplier of custom Pilates grip socks for studios in Ireland | D9: specifiek + land
A10: EN-06 | B10: EN | C10: EU-based supplier of branded merchandise for Pilates and yoga studios (grip socks, tumblers, tote bags) | D10: specifiek + regio
A11: EN-07 | B11: EN | C11: How much do custom grip socks with a logo cost per pair for a Pilates studio? | D11: informatief (prijs)
A12: EN-08 | B12: EN | C12: Which companies make personalised Pilates rings and tote bags with a studio logo? | D12: specifiek (ander product)
A13: EN-09 | B13: EN | C13: I run a yoga studio in the Netherlands and want to sell merchandise with our logo. Which suppliers ship to the Netherlands? | D13: specifiek + land
A14: EN-10 | B14: EN | C14: Free mockup custom grip socks studio logo | D14: kort / zoekmachine-stijl
A15: DE-01 | B15: DE | C15: Wo kann ich Stoppersocken mit dem Logo meines Pilates-Studios bestellen? | D15: specifiek
... A24: DE-10 | B24: DE | C24: Personalisierte Antirutschsocken für Barre- und Pilates-Studios, 50 bis 100 Paar | D24: specifiek (aantal)

Sheet Meetlog
A1: Meetlog AI-zichtbaarheid (elke twee weken)
A2: Eén regel per run. Vul de gele kolommen in; de kolommen 'Genoemd (1/0)' en 'Geciteerd (1/0)' voeden het tabblad Meetresultaat. Platforms: ChatGPT, Gemini, Perplexity, Claude, Google AI Overview. Land = VPN-exitpunt (ES, UK, IE, DE, AT, CH, NL, US).
A4: Datum | B4: Meting | C4: Platform | D4: Promptcode | E4: Land (VPN) | F4: Run | G4: Merk genoemd (ja/nee) | H4: Genoemd (1/0) | I4: Positie in antwoord | J4: mediterranopilates.com geciteerd (ja/nee) | K4: Geciteerd (1/0) | L4: Concurrenten genoemd | M4: Bronnen geciteerd / opmerking
A5: 46303 | B5: M0 (uitgangsmeting) | C5: ChatGPT | D5: EN-02 | E5: UK | F5: 1 | G5: nee | H5: =IF(G5="ja",1,IF(G5="nee",0,"")) -> 0 | J5: nee | K5: =IF(J5="ja",1,IF(J5="nee",0,"")) -> 0 | L5: PilatesGoods, hipSwan, Made by Cooper | M5: Voorbeeldregel: vervang door je eigen metingen
H6: =IF(G6="ja",1,IF(G6="nee",0,"")) | K6: =IF(J6="ja",1,IF(J6="nee",0,""))
H7: =IF(G7="ja",1,IF(G7="nee",0,"")) | K7: =IF(J7="ja",1,IF(J7="nee",0,""))
H8: =IF(G8="ja",1,IF(G8="nee",0,"")) | K8: =IF(J8="ja",1,IF(J8="nee",0,""))
H9: =IF(G9="ja",1,IF(G9="nee",0,"")) | K9: =IF(J9="ja",1,IF(J9="nee",0,""))
H10: =IF(G10="ja",1,IF(G10="nee",0,"")) | K10: =IF(J10="ja",1,IF(J10="nee",0,""))
H11: =IF(G11="ja",1,IF(G11="nee",0,"")) | K11: =IF(J11="ja",1,IF(J11="nee",0,""))
H12: =IF(G12="ja",1,IF(G12="nee",0,"")) | K12: =IF(J12="ja",1,IF(J12="nee",0,""))
H13: =IF(G13="ja",1,IF(G13="nee",0,"")) | K13: =IF(J13="ja",1,IF(J13="nee",0,""))
H14: =IF(G14="ja",1,IF(G14="nee",0,"")) | K14: =IF(J14="ja",1,IF(J14="nee",0,""))
H15: =IF(G15="ja",1,IF(G15="nee",0,"")) | K15: =IF(J15="ja",1,IF(J15="nee",0,""))
H16: =IF(G16="ja",1,IF(G16="nee",0,"")) | K16: =IF(J16="ja",1,IF(J16="nee",0,""))
H17: =IF(G17="ja",1,IF(G17="nee",0,"")) | K17: =IF(J17="ja",1,IF(J17="nee",0,""))
... H205: =IF(G205="ja",1,IF(G205="nee",0,"")) | K205: =IF(J205="ja",1,IF(J205="nee",0,""))

Sheet Meetresultaat
A1: Meetresultaat: aandeel runs waarin Mediterrano genoemd of geciteerd wordt
A2: Formules op het tabblad Meetlog. Vergelijk M0 (uitgangsmeting) met M1 (dag 60) en M2 (dag 90). Verschillen kleiner dan 5 tot 7 procentpunt vallen binnen de normale spreiding van AI-antwoorden en zijn geen bewijs van verandering.
A4: Meting | B4: Taal | C4: Runs | D4: Genoemd (aantal) | E4: Genoemd (%) | F4: Geciteerd (%)
A5: M0 (uitgangsmeting) | B5: EN | C5: =SUMPRODUCT((Meetlog!$B$5:$B$205=A5)*(LEFT(Meetlog!$D$5:$D$205,2)=B5)*ISNUMBER(Meetlog!$H$5:$H$205)) -> 1 | D5: =SUMPRODUCT((Meetlog!$B$5:$B$205=A5)*(LEFT(Meetlog!$D$5:$D$205,2)=B5)*ISNUMBER(Meetlog!$H$5:$H$205)*(Meetlog!$H$5:$H$205=1)) -> 0 | E5: =IF(C5=0,"",D5/C5) -> 0 | F5: =IF(C5=0,"",SUMPRODUCT((Meetlog!$B$5:$B$205=A5)*(LEFT(Meetlog!$D$5:$D$205,2)=B5)*ISNUMBER(Meetlog!$K$5:$K$205)*(Meetlog!$K$5:$K$205=1))/C5) -> 0
A6: M0 (uitgangsmeting) | B6: DE | C6: =SUMPRODUCT((Meetlog!$B$5:$B$205=A6)*(LEFT(Meetlog!$D$5:$D$205,2)=B6)*ISNUMBER(Meetlog!$H$5:$H$205)) -> 0 | D6: =SUMPRODUCT((Meetlog!$B$5:$B$205=A6)*(LEFT(Meetlog!$D$5:$D$205,2)=B6)*ISNUMBER(Meetlog!$H$5:$H$205)*(Meetlog!$H$5:$H$205=1)) -> 0 | E6: =IF(C6=0,"",D6/C6) | F6: =IF(C6=0,"",SUMPRODUCT((Meetlog!$B$5:$B$205=A6)*(LEFT(Meetlog!$D$5:$D$205,2)=B6)*ISNUMBER(Meetlog!$K$5:$K$205)*(Meetlog!$K$5:$K$205=1))/C6)
A7: M1 (dag 60) | B7: EN | C7: =SUMPRODUCT((Meetlog!$B$5:$B$205=A7)*(LEFT(Meetlog!$D$5:$D$205,2)=B7)*ISNUMBER(Meetlog!$H$5:$H$205)) -> 0 | D7: =SUMPRODUCT((Meetlog!$B$5:$B$205=A7)*(LEFT(Meetlog!$D$5:$D$205,2)=B7)*ISNUMBER(Meetlog!$H$5:$H$205)*(Meetlog!$H$5:$H$205=1)) -> 0 | E7: =IF(C7=0,"",D7/C7) | F7: =IF(C7=0,"",SUMPRODUCT((Meetlog!$B$5:$B$205=A7)*(LEFT(Meetlog!$D$5:$D$205,2)=B7)*ISNUMBER(Meetlog!$K$5:$K$205)*(Meetlog!$K$5:$K$205=1))/C7)
A8: M1 (dag 60) | B8: DE | C8: =SUMPRODUCT((Meetlog!$B$5:$B$205=A8)*(LEFT(Meetlog!$D$5:$D$205,2)=B8)*ISNUMBER(Meetlog!$H$5:$H$205)) -> 0 | D8: =SUMPRODUCT((Meetlog!$B$5:$B$205=A8)*(LEFT(Meetlog!$D$5:$D$205,2)=B8)*ISNUMBER(Meetlog!$H$5:$H$205)*(Meetlog!$H$5:$H$205=1)) -> 0 | E8: =IF(C8=0,"",D8/C8) | F8: =IF(C8=0,"",SUMPRODUCT((Meetlog!$B$5:$B$205=A8)*(LEFT(Meetlog!$D$5:$D$205,2)=B8)*ISNUMBER(Meetlog!$K$5:$K$205)*(Meetlog!$K$5:$K$205=1))/C8)
A9: M2 (dag 90) | B9: EN | C9: =SUMPRODUCT((Meetlog!$B$5:$B$205=A9)*(LEFT(Meetlog!$D$5:$D$205,2)=B9)*ISNUMBER(Meetlog!$H$5:$H$205)) -> 0 | D9: =SUMPRODUCT((Meetlog!$B$5:$B$205=A9)*(LEFT(Meetlog!$D$5:$D$205,2)=B9)*ISNUMBER(Meetlog!$H$5:$H$205)*(Meetlog!$H$5:$H$205=1)) -> 0 | E9: =IF(C9=0,"",D9/C9) | F9: =IF(C9=0,"",SUMPRODUCT((Meetlog!$B$5:$B$205=A9)*(LEFT(Meetlog!$D$5:$D$205,2)=B9)*ISNUMBER(Meetlog!$K$5:$K$205)*(Meetlog!$K$5:$K$205=1))/C9)
A10: M2 (dag 90) | B10: DE | C10: =SUMPRODUCT((Meetlog!$B$5:$B$205=A10)*(LEFT(Meetlog!$D$5:$D$205,2)=B10)*ISNUMBER(Meetlog!$H$5:$H$205)) -> 0 | D10: =SUMPRODUCT((Meetlog!$B$5:$B$205=A10)*(LEFT(Meetlog!$D$5:$D$205,2)=B10)*ISNUMBER(Meetlog!$H$5:$H$205)*(Meetlog!$H$5:$H$205=1)) -> 0 | E10: =IF(C10=0,"",D10/C10) | F10: =IF(C10=0,"",SUMPRODUCT((Meetlog!$B$5:$B$205=A10)*(LEFT(Meetlog!$D$5:$D$205,2)=B10)*ISNUMBER(Meetlog!$K$5:$K$205)*(Meetlog!$K$5:$K$205=1))/C10)
A12: Per platform (alle metingen samen)
A13: Platform | B13: Runs | C13: Genoemd (%) | D13: Geciteerd (%)
A14: ChatGPT | B14: =SUMPRODUCT((Meetlog!$C$5:$C$205=A14)*ISNUMBER(Meetlog!$H$5:$H$205)) -> 1 | C14: =IF(B14=0,"",SUMPRODUCT((Meetlog!$C$5:$C$205=A14)*ISNUMBER(Meetlog!$H$5:$H$205)*(Meetlog!$H$5:$H$205=1))/B14) -> 0 | D14: =IF(B14=0,"",SUMPRODUCT((Meetlog!$C$5:$C$205=A14)*ISNUMBER(Meetlog!$K$5:$K$205)*(Meetlog!$K$5:$K$205=1))/B14) -> 0
A15: Gemini | B15: =SUMPRODUCT((Meetlog!$C$5:$C$205=A15)*ISNUMBER(Meetlog!$H$5:$H$205)) -> 0 | C15: =IF(B15=0,"",SUMPRODUCT((Meetlog!$C$5:$C$205=A15)*ISNUMBER(Meetlog!$H$5:$H$205)*(Meetlog!$H$5:$H$205=1))/B15) | D15: =IF(B15=0,"",SUMPRODUCT((Meetlog!$C$5:$C$205=A15)*ISNUMBER(Meetlog!$K$5:$K$205)*(Meetlog!$K$5:$K$205=1))/B15)
A16: Perplexity | B16: =SUMPRODUCT((Meetlog!$C$5:$C$205=A16)*ISNUMBER(Meetlog!$H$5:$H$205)) -> 0 | C16: =IF(B16=0,"",SUMPRODUCT((Meetlog!$C$5:$C$205=A16)*ISNUMBER(Meetlog!$H$5:$H$205)*(Meetlog!$H$5:$H$205=1))/B16) | D16: =IF(B16=0,"",SUMPRODUCT((Meetlog!$C$5:$C$205=A16)*ISNUMBER(Meetlog!$K$5:$K$205)*(Meetlog!$K$5:$K$205=1))/B16)
A17: Claude | B17: =SUMPRODUCT((Meetlog!$C$5:$C$205=A17)*ISNUMBER(Meetlog!$H$5:$H$205)) -> 0 | C17: =IF(B17=0,"",SUMPRODUCT((Meetlog!$C$5:$C$205=A17)*ISNUMBER(Meetlog!$H$5:$H$205)*(Meetlog!$H$5:$H$205=1))/B17) | D17: =IF(B17=0,"",SUMPRODUCT((Meetlog!$C$5:$C$205=A17)*ISNUMBER(Meetlog!$K$5:$K$205)*(Meetlog!$K$5:$K$205=1))/B17)
A18: Google AI Overview | B18: =SUMPRODUCT((Meetlog!$C$5:$C$205=A18)*ISNUMBER(Meetlog!$H$5:$H$205)) -> 0 | C18: =IF(B18=0,"",SUMPRODUCT((Meetlog!$C$5:$C$205=A18)*ISNUMBER(Meetlog!$H$5:$H$205)*(Meetlog!$H$5:$H$205=1))/B18) | D18: =IF(B18=0,"",SUMPRODUCT((Meetlog!$C$5:$C$205=A18)*ISNUMBER(Meetlog!$K$5:$K$205)*(Meetlog!$K$5:$K$205=1))/B18)

Sheet Bronnen en uitleg
A1: Legenda, aannames en bronnen
A3: Legenda kleuren | B3: Geel = invullen door jou. Groen (Status) = Klaar. Zalm = Bezig. Rode deadline = verstreken en nog niet klaar.
A4: Wie | B4: jij = alleen jij kunt dit (accounts, platforms, geld). Claude = ik bouw of schrijf het zonder verdere input. samen = jij levert input of toegang, ik werk het uit.
A5: Impact | B5: Verwachte invloed op vermelding in AI-antwoorden. Eigen inschatting op basis van citatiestudies (Ahrefs 75.000 merken; Peec AI 10 miljoen prompts; Seer Interactive; Profound). Verbanden, geen bewezen oorzaken.
A6: Inspanning en kosten | B6: Inschatting van tijd en directe kosten. Commissies van Faire/Etsy en prijzen van betaalde meettools zijn niet geverifieerd.
A7: Start- en deadlinedatums | B7: Automatisch gezet vanaf 1 oktober 2026 volgens de fase-indeling dag 1-30, 31-60, 61-90. Pas ze gerust aan.
A8: Merkregel | B8: Geen testimonials, casestudy's, klantlogo's of klantaantallen zolang er geen echte klanten zijn. Actie 16 (reviews) pas na echte orders en nooit gekocht.
A9: Meetprotocol | B9: Elke prompt 3 tot 4 keer per platform in een nieuwe chat met geheugen uit, via VPN in het doelland. Eén run zegt weinig: AI-antwoorden variëren per run. Meet elke twee weken, vergelijk M0, M1 en M2.
A10: Volledig rapport | B10: Mediterrano_AI-zichtbaarheid_EN-DE_onderzoek_en_90-dagenplan_2026-10-01.pdf (11 pagina's, met bronnenlijst van 59 URL's).
